{
  "Epoch": 4,
  "train_loss_step": 6.591,
  "train_cls_loss_step": 5.962,
  "train_triplet_loss_step": 0.629,
  "train_loss": 6.501890182495117,
  "train_cls_loss": 5.850941181182861,
  "train_triplet_loss": 0.6509495377540588,
  "mrr": 0.39718779497422946,
  "mAP": 0.13314898870906886
}