{
  "Epoch": 4,
  "train_loss_step": 9.802,
  "train_cls_loss_step": 9.503,
  "train_triplet_loss_step": 0.299,
  "train_loss": 9.794198036193848,
  "train_cls_loss": 9.494586944580078,
  "train_triplet_loss": 0.29961201548576355,
  "mrr": 0.1707080866562789,
  "mAP": 0.033814572232872014
}