{
  "Epoch": 1,
  "train_loss_step": 8.68,
  "train_cls_loss_step": 8.363,
  "train_triplet_loss_step": 0.316,
  "train_loss": 8.462879180908203,
  "train_cls_loss": 8.16795825958252,
  "train_triplet_loss": 0.2949204444885254,
  "mrr": 0.07058469675548688,
  "mAP": 0.010584256640572805
}